student_ID,student_name,gender,enrollment_date,course_ID
SCT211-0001/2021,Desiree Jones,Other,2023-08-14,CS001
SCT211-0002/2021,Robert Mason,Female,2024-12-11,CS001
SCT211-0003/2021,Larry Holden,Other,2023-09-16,SE001
SCT211-0004/2021,Michael Navarro DDS,Female,2023-12-08,SE001
SCT211-0005/2021,Tina Brown,Male,2023-02-21,CS001
SCT211-0006/2021,Allison Price,Female,2022-01-12,CS001
SCT211-0007/2021,Roger Todd,Female,2022-04-22,CS001
SCT211-0008/2021,Troy Campbell,Male,2022-03-13,IT001
SCT211-0009/2021,Brent Roberts,Other,2022-08-05,CS001
SCT211-0010/2021,Susan Marquez,Female,2023-01-10,IT001
SCT211-0011/2021,Debra Morris,Female,2024-12-07,CS001
SCT211-0012/2021,Mr. Chris Baker,Male,2023-04-20,IT001
SCT211-0013/2021,Alan Ball,Female,2024-07-05,SE001
SCT211-0014/2021,Nathan Rush,Other,2024-12-02,SE001
SCT211-0015/2021,Victoria Briggs,Other,2023-04-14,SE001
SCT211-0016/2021,Jodi Miller,Female,2022-01-19,IT001
SCT211-0017/2021,Denise Farmer,Female,2024-08-23,SE001
SCT211-0018/2021,Jeffrey Holt,Male,2024-05-15,SE001
SCT211-0019/2021,Kimberly Chavez,Male,2022-10-06,CS001
SCT211-0020/2021,Timothy Jackson,Other,2022-01-28,SE001
SCT211-0021/2021,Nathan Mayo,Male,2024-03-27,SE001
SCT211-0022/2021,Julia Scott,Other,2024-05-31,SE001
SCT211-0023/2021,John Daniels,Other,2023-06-05,SE001
SCT211-0024/2021,Katherine Montoya,Male,2022-05-14,CS001
SCT211-0025/2021,Michael Edwards,Male,2023-12-26,SE001
SCT211-0026/2021,Sherri Bird,Male,2024-10-22,SE001
SCT211-0027/2021,Samuel Hayes,Female,2022-07-25,CS001
SCT211-0028/2021,Kathleen Bell,Female,2024-02-03,CS001
SCT211-0029/2021,Katherine Saunders,Other,2023-01-15,IT001
SCT211-0030/2021,Lori Aguilar,Other,2023-05-15,CS001
SCT211-0031/2021,Robert Holder,Female,2024-12-22,CS001
SCT211-0032/2021,Henry James,Male,2022-08-15,IT001
SCT211-0033/2021,Jessica Kent,Other,2024-04-06,CS001
SCT211-0034/2021,Cynthia Chang,Female,2022-03-28,IT001
SCT211-0035/2021,William Wilson,Male,2024-01-16,CS001
SCT211-0036/2021,Dr. Jacob Stewart,Other,2023-10-12,IT001
SCT211-0037/2021,Evelyn Garcia,Female,2023-03-26,IT001
SCT211-0038/2021,Thomas Malone,Female,2022-11-16,IT001
SCT211-0039/2021,Robert Murphy,Other,2023-09-11,IT001
SCT211-0040/2021,Heather Wise,Male,2022-07-17,IT001
SCT211-0041/2021,Gary Flores,Other,2022-03-13,IT001
SCT211-0042/2021,Paul Herrera,Other,2023-04-29,SE001
SCT211-0043/2021,Jennifer Davenport,Other,2022-11-03,SE001
SCT211-0044/2021,Justin Lewis,Male,2022-10-02,CS001
SCT211-0045/2021,Michelle Griffin,Female,2022-12-26,CS001
SCT211-0046/2021,Brenda White,Male,2025-01-01,CS001
SCT211-0047/2021,Jimmy Carroll Jr.,Female,2023-03-03,SE001
SCT211-0048/2021,Amber Patel,Other,2022-09-24,CS001
SCT211-0049/2021,Andrea Adams,Male,2022-05-13,IT001
SCT211-0050/2021,Victoria Ross,Female,2024-02-07,IT001
SCT211-0051/2021,Madison Phillips,Other,2023-02-28,IT001
SCT211-0052/2021,Dawn Smith,Male,2023-04-25,CS001
SCT211-0053/2021,Erika Peterson,Female,2022-03-16,SE001
SCT211-0054/2021,Mark Scott,Other,2022-03-05,IT001
SCT211-0055/2021,Shelby Allen,Other,2023-10-19,SE001
SCT211-0056/2021,Linda Ross,Other,2023-07-29,CS001
SCT211-0057/2021,Diane Oconnor,Female,2023-05-26,SE001
SCT211-0058/2021,Jacob Santos,Other,2023-11-10,IT001
SCT211-0059/2021,Brian Rowe,Male,2022-05-16,SE001
SCT211-0060/2021,Dana Alexander,Male,2022-04-24,IT001
SCT211-0061/2021,Janet Rogers,Other,2024-06-30,IT001
SCT211-0062/2021,Cynthia Moore,Female,2024-11-25,SE001
SCT211-0063/2021,Rebecca Mercado,Other,2023-01-14,SE001
SCT211-0064/2021,Mark Ramirez,Other,2023-10-03,IT001
SCT211-0065/2021,Crystal Brown,Female,2024-11-10,CS001
SCT211-0066/2021,Brandon Mccarthy,Other,2023-10-28,CS001
SCT211-0067/2021,James Buckley,Female,2022-08-27,CS001
SCT211-0068/2021,Michelle Dawson,Male,2024-11-01,SE001
SCT211-0069/2021,Kayla Everett,Male,2022-05-22,SE001
SCT211-0070/2021,Jackie Wilson,Male,2022-03-08,SE001
SCT211-0071/2021,Robert Stewart,Female,2023-09-07,SE001
SCT211-0072/2021,Scott Hall,Female,2022-08-12,SE001
SCT211-0073/2021,Richard Dixon,Female,2024-12-17,IT001
SCT211-0074/2021,Sierra Wolf,Female,2024-01-18,CS001
SCT211-0075/2021,Valerie Lewis,Other,2024-01-12,SE001
SCT211-0076/2021,Claudia Mckinney,Other,2022-10-07,SE001
SCT211-0077/2021,Nicole Williams,Female,2022-09-20,SE001
SCT211-0078/2021,Timothy Graham,Other,2023-05-23,SE001
SCT211-0079/2021,Jill Warren,Other,2024-10-27,SE001
SCT211-0080/2021,Alexandria Craig,Other,2023-02-25,IT001
SCT211-0081/2021,Karen Sellers,Female,2022-05-14,SE001
SCT211-0082/2021,Jessica Rose,Other,2023-04-19,CS001
SCT211-0083/2021,Jason Lambert,Female,2023-04-20,SE001
SCT211-0084/2021,Andre Brown,Other,2022-08-07,IT001
SCT211-0085/2021,Jasmin Jones,Female,2023-06-26,IT001
SCT211-0086/2021,Cheryl Thompson,Female,2024-04-19,IT001
SCT211-0087/2021,Joseph Bray,Female,2024-08-08,CS001
SCT211-0088/2021,Brandon Adams,Female,2022-11-01,SE001
SCT211-0089/2021,Jeremy Hawkins,Male,2024-09-10,IT001
SCT211-0090/2021,Ronald Carpenter,Female,2024-10-04,CS001
SCT211-0091/2021,Julie Franklin,Male,2024-09-01,SE001
SCT211-0092/2021,Rebekah Cruz,Male,2023-08-04,IT001
SCT211-0093/2021,Sara Peters,Female,2022-03-15,CS001
SCT211-0094/2021,Jonathan Rosales,Female,2023-03-05,SE001
SCT211-0095/2021,Travis Wheeler,Male,2023-02-15,IT001
SCT211-0096/2021,Denise Weber,Other,2022-03-13,IT001
SCT211-0097/2021,William Levy,Female,2024-11-30,SE001
SCT211-0098/2021,Molly Daniel,Male,2024-03-14,CS001
SCT211-0099/2021,Trevor Gonzales,Other,2022-06-22,IT001
SCT211-0100/2021,Caroline Harrison,Male,2022-06-12,SE001
SCT211-0101/2021,Hannah Lopez,Other,2024-02-20,CS001
SCT211-0102/2021,Henry Mccullough,Male,2023-08-25,SE001
SCT211-0103/2021,Andrew Davenport,Female,2024-07-06,SE001
SCT211-0104/2021,Darlene Jenkins,Female,2023-04-12,SE001
SCT211-0105/2021,Jennifer Martinez,Female,2024-09-13,SE001
SCT211-0106/2021,Danielle Daniels,Female,2024-11-18,CS001
SCT211-0107/2021,Bradley Torres,Female,2022-02-01,SE001
SCT211-0108/2021,Monica Rose,Female,2022-01-24,CS001
SCT211-0109/2021,Tina Chavez,Other,2023-07-10,CS001
SCT211-0110/2021,Amanda Reed,Male,2022-10-04,CS001
SCT211-0111/2021,Taylor Martinez,Other,2022-03-05,CS001
SCT211-0112/2021,Andrea Gutierrez,Other,2022-06-02,CS001
SCT211-0113/2021,Sarah Wright,Other,2023-10-20,CS001
SCT211-0114/2021,William Mcgee,Female,2023-05-28,IT001
SCT211-0115/2021,Kaitlyn Le,Other,2023-04-29,SE001
SCT211-0116/2021,Annette Baker,Other,2024-09-30,CS001
SCT211-0117/2021,Randy Harris,Male,2023-10-14,IT001
SCT211-0118/2021,Angela Middleton,Male,2023-05-29,SE001
SCT211-0119/2021,Jonathan Bridges,Other,2023-03-12,SE001
SCT211-0120/2021,Jeffrey Craig,Other,2022-01-18,CS001
SCT211-0121/2021,Jennifer Middleton,Other,2024-09-22,SE001
SCT211-0122/2021,Kenneth Lindsey,Female,2024-10-01,CS001
SCT211-0123/2021,Christina Ochoa,Male,2022-06-18,IT001
SCT211-0124/2021,Arthur Jackson,Other,2022-10-25,SE001
SCT211-0125/2021,Jay Brown,Female,2023-04-26,SE001
SCT211-0126/2021,Joseph Roberts,Male,2024-08-01,IT001
SCT211-0127/2021,Chelsea Brown,Other,2023-02-24,IT001
SCT211-0128/2021,Xavier Greene,Female,2024-05-17,CS001
SCT211-0129/2021,Holly Lee,Male,2022-12-01,SE001
SCT211-0130/2021,Melody Patterson,Other,2022-02-27,CS001
SCT211-0131/2021,Christopher Carter,Male,2023-03-18,CS001
SCT211-0132/2021,Lisa Robertson,Other,2024-04-19,IT001
SCT211-0133/2021,Tammie Harrington,Male,2022-02-18,SE001
SCT211-0134/2021,Sean Hood,Female,2024-11-10,IT001
SCT211-0135/2021,Paul Barnes,Male,2023-02-02,SE001
SCT211-0136/2021,Stephanie Wilson,Male,2023-09-12,CS001
SCT211-0137/2021,Ms. Shannon Wallace,Male,2022-07-07,SE001
SCT211-0138/2021,Cheryl Simpson,Other,2024-02-03,CS001
SCT211-0139/2021,Alexandra King,Female,2022-07-25,CS001
SCT211-0140/2021,Michael Donovan,Female,2023-11-14,SE001
SCT211-0141/2021,Miranda Torres,Female,2024-07-29,IT001
SCT211-0142/2021,Bailey Charles,Other,2022-01-31,CS001
SCT211-0143/2021,Wendy Jones,Other,2022-07-31,CS001
SCT211-0144/2021,Roberto Moore,Female,2024-01-14,IT001
SCT211-0145/2021,Christopher Miller,Female,2023-08-20,SE001
SCT211-0146/2021,Kathleen Walters,Other,2022-05-17,SE001
SCT211-0147/2021,Christopher Olson,Other,2023-02-25,SE001
SCT211-0148/2021,Christopher Martinez,Other,2024-05-08,CS001
SCT211-0149/2021,Rick Espinoza,Other,2024-10-13,SE001
SCT211-0150/2021,Lisa Smith,Male,2022-03-13,IT001
SCT211-0151/2021,Robert Lopez,Female,2024-05-17,IT001
SCT211-0152/2021,Michael Nguyen,Other,2023-04-05,CS001
SCT211-0153/2021,Erika Gonzalez,Female,2024-08-18,IT001
SCT211-0154/2021,Maria Smith,Female,2022-05-12,CS001
SCT211-0155/2021,Matthew Johnson,Female,2023-04-25,CS001
SCT211-0156/2021,Mary Jackson,Other,2022-02-22,SE001
SCT211-0157/2021,Amy Simpson,Male,2024-10-07,SE001
SCT211-0158/2021,Megan Robinson,Male,2023-08-07,SE001
SCT211-0159/2021,Matthew Young,Other,2023-04-03,SE001
SCT211-0160/2021,Steven Willis,Male,2022-06-08,IT001
SCT211-0161/2021,Kevin Higgins,Other,2023-08-01,CS001
SCT211-0162/2021,Tyler Jones,Female,2022-07-08,CS001
SCT211-0163/2021,Laura Wang,Female,2022-08-14,IT001
SCT211-0164/2021,Willie Leon,Male,2023-06-27,CS001
SCT211-0165/2021,John Green,Female,2023-04-02,SE001
SCT211-0166/2021,Angela Norris,Other,2022-08-06,CS001
SCT211-0167/2021,Reginald Bolton,Male,2024-08-14,IT001
SCT211-0168/2021,Michele Nelson,Other,2022-06-27,IT001
SCT211-0169/2021,Gary Oconnor,Female,2023-04-06,CS001
SCT211-0170/2021,Adam Wright,Other,2024-03-02,CS001
SCT211-0171/2021,Sarah Ross,Other,2022-02-01,SE001
SCT211-0172/2021,Ryan Mitchell,Female,2024-06-12,CS001
SCT211-0173/2021,Steven Harrison,Male,2024-05-12,SE001
SCT211-0174/2021,Angela Carr,Other,2024-06-28,CS001
SCT211-0175/2021,Heidi Walters,Other,2023-05-05,SE001
SCT211-0176/2021,Sherri Moreno,Male,2022-08-13,SE001
SCT211-0177/2021,Billy Anderson,Male,2023-10-19,CS001
SCT211-0178/2021,Ana Rich MD,Male,2024-09-28,SE001
SCT211-0179/2021,Lisa Robertson,Other,2024-12-20,SE001
SCT211-0180/2021,Caleb White,Male,2023-02-17,SE001
SCT211-0181/2021,Victor Martinez,Other,2022-09-28,IT001
SCT211-0182/2021,Debra Lane,Female,2024-05-22,CS001
SCT211-0183/2021,Richard Wolfe,Female,2024-09-01,IT001
SCT211-0184/2021,James Johnson,Female,2022-10-11,CS001
SCT211-0185/2021,Jennifer Bender,Male,2023-08-05,SE001
SCT211-0186/2021,Austin Velazquez,Other,2023-08-24,CS001
SCT211-0187/2021,Ellen Cummings,Male,2025-01-01,IT001
SCT211-0188/2021,Chad Little,Other,2024-12-27,IT001
SCT211-0189/2021,Christopher Hernandez,Female,2022-06-02,CS001
SCT211-0190/2021,Jeffrey King,Other,2024-06-27,IT001
SCT211-0191/2021,Natasha Flores,Other,2024-12-14,IT001
SCT211-0192/2021,Joseph Stephens,Other,2022-04-14,SE001
SCT211-0193/2021,Mallory Sanders,Other,2022-11-13,CS001
SCT211-0194/2021,Paul Howell,Male,2023-06-09,SE001
SCT211-0195/2021,Jeanne Galloway,Male,2023-01-19,SE001
SCT211-0196/2021,Dawn Allen,Female,2024-04-17,SE001
SCT211-0197/2021,Candice Crawford,Female,2022-12-16,IT001
SCT211-0198/2021,Susan Combs,Other,2022-03-22,IT001
SCT211-0199/2021,Daniel Morris,Female,2022-10-06,CS001
SCT211-0200/2021,Robert Martin,Male,2024-10-16,IT001
SCT211-0201/2021,David Mcgrath,Other,2023-09-16,IT001
SCT211-0202/2021,Jason Davis,Female,2022-10-06,IT001
SCT211-0203/2021,Carlos Lane,Female,2023-08-07,IT001
SCT211-0204/2021,Sarah Taylor,Female,2022-06-30,SE001
SCT211-0205/2021,Joshua Armstrong,Male,2024-02-17,IT001
SCT211-0206/2021,Dominique Hernandez,Other,2024-01-31,IT001
SCT211-0207/2021,Lisa Brown MD,Female,2022-02-22,CS001
SCT211-0208/2021,Deborah Goodman,Other,2022-08-10,SE001
SCT211-0209/2021,Matthew Bryan,Female,2022-08-04,IT001
SCT211-0210/2021,Jeff Barnett,Female,2022-02-06,CS001
SCT211-0211/2021,James Shaffer,Male,2023-12-02,IT001
SCT211-0212/2021,Jerry Collins,Male,2023-02-06,SE001
SCT211-0213/2021,Kari Wright,Other,2022-02-08,IT001
SCT211-0214/2021,Colin Jackson,Male,2022-02-06,SE001
SCT211-0215/2021,Nicholas Mckenzie,Other,2023-09-17,CS001
SCT211-0216/2021,Kimberly Blake,Other,2023-10-29,SE001
SCT211-0217/2021,Daniel Duran,Other,2023-12-04,SE001
SCT211-0218/2021,Tiffany Hampton,Male,2024-04-29,IT001
SCT211-0219/2021,Seth Webb,Female,2022-08-27,SE001
SCT211-0220/2021,Joseph Bell,Other,2024-03-10,IT001
SCT211-0221/2021,Anna Willis,Male,2022-05-10,IT001
SCT211-0222/2021,Tracey Griffin,Other,2024-03-18,CS001
SCT211-0223/2021,Ana Murphy,Male,2024-03-01,SE001
SCT211-0224/2021,Hannah Erickson,Male,2024-01-04,SE001
SCT211-0225/2021,Elizabeth Rodriguez,Male,2024-05-30,SE001
SCT211-0226/2021,Amanda Rodriguez,Other,2022-11-18,CS001
SCT211-0227/2021,Isabel Williams,Female,2022-12-25,SE001
SCT211-0228/2021,Lisa Castro,Female,2023-06-29,SE001
SCT211-0229/2021,Thomas Moran,Male,2022-02-20,SE001
SCT211-0230/2021,John Lawson,Male,2024-10-25,SE001
SCT211-0231/2021,Nicole White,Female,2023-02-17,CS001
SCT211-0232/2021,Rebecca Rivera,Male,2022-11-28,CS001
SCT211-0233/2021,Laurie Meadows,Female,2023-11-07,IT001
SCT211-0234/2021,Nicole Castaneda,Male,2024-12-11,CS001
SCT211-0235/2021,Troy Ray,Male,2022-03-25,CS001
SCT211-0236/2021,Jennifer Chaney,Female,2022-03-21,CS001
SCT211-0237/2021,Lisa Bell,Male,2023-04-22,SE001
SCT211-0238/2021,John Young,Other,2022-05-22,IT001
SCT211-0239/2021,Michael Boone,Female,2022-10-22,SE001
SCT211-0240/2021,Brianna Brady,Female,2022-09-09,IT001
SCT211-0241/2021,Mr. Kevin Higgins,Male,2022-05-08,CS001
SCT211-0242/2021,Wendy Dominguez,Female,2022-04-13,SE001
SCT211-0243/2021,Monica Patterson,Male,2022-02-21,IT001
SCT211-0244/2021,Jared Norton,Male,2022-10-20,IT001
SCT211-0245/2021,Terri Hamilton,Male,2024-09-13,IT001
SCT211-0246/2021,Jeremy Smith,Male,2023-07-23,IT001
SCT211-0247/2021,Beverly Shannon,Male,2024-01-04,SE001
SCT211-0248/2021,Kimberly Gilbert,Female,2024-01-27,SE001
SCT211-0249/2021,James Graves,Other,2023-08-14,SE001
SCT211-0250/2021,Tommy Larsen,Male,2023-02-04,SE001
SCT211-0251/2021,Susan Peters,Male,2023-09-26,CS001
SCT211-0252/2021,David Ward,Male,2023-03-19,IT001
SCT211-0253/2021,Jeremy Davis,Male,2025-01-02,SE001
SCT211-0254/2021,Madeline Fox,Female,2022-08-23,SE001
SCT211-0255/2021,Lori Morris,Male,2024-06-03,IT001
SCT211-0256/2021,Latoya Mason,Female,2024-04-01,SE001
SCT211-0257/2021,Richard Gonzalez,Male,2022-01-30,SE001
SCT211-0258/2021,Tina Thomas,Female,2024-06-16,IT001
SCT211-0259/2021,Jessica Alexander,Female,2024-08-30,CS001
SCT211-0260/2021,Stephanie Silva,Other,2023-01-10,SE001
SCT211-0261/2021,Scott Williams,Female,2023-12-20,IT001
SCT211-0262/2021,Alison Gallegos,Other,2022-06-01,CS001
SCT211-0263/2021,Haley Edwards,Male,2024-01-06,SE001
SCT211-0264/2021,Julie Potts,Male,2022-03-03,CS001
SCT211-0265/2021,Eric Mccormick,Other,2023-01-07,SE001
SCT211-0266/2021,Christopher Scott,Female,2024-09-16,SE001
SCT211-0267/2021,Katherine Little,Male,2022-01-07,IT001
SCT211-0268/2021,Selena Delgado,Other,2022-08-19,SE001
SCT211-0269/2021,Tiffany Garcia,Female,2024-05-10,IT001
SCT211-0270/2021,Julie Keller,Other,2023-01-20,CS001
SCT211-0271/2021,Jennifer Lewis,Female,2023-03-22,SE001
SCT211-0272/2021,Erik Hendricks,Female,2024-12-10,SE001
SCT211-0273/2021,Kenneth Sparks,Other,2023-09-01,IT001
SCT211-0274/2021,Charles Martin,Female,2022-11-22,CS001
SCT211-0275/2021,Catherine Galvan,Other,2022-10-31,CS001
SCT211-0276/2021,Theresa Martinez,Female,2023-04-13,SE001
SCT211-0277/2021,Lisa Davis,Other,2024-01-23,CS001
SCT211-0278/2021,Matthew Wolfe,Female,2024-03-09,IT001
SCT211-0279/2021,Krista Herman,Female,2023-05-18,SE001
SCT211-0280/2021,Chris Hess,Male,2024-10-28,SE001
SCT211-0281/2021,Samantha Phillips,Other,2023-07-31,CS001
SCT211-0282/2021,Tina Russell,Female,2022-03-19,IT001
SCT211-0283/2021,Eric Henderson,Other,2022-12-10,CS001
SCT211-0284/2021,Barry Martin,Male,2022-02-08,CS001
SCT211-0285/2021,Michael Potts,Other,2023-10-02,IT001
SCT211-0286/2021,Kevin Clark,Other,2023-09-29,SE001
SCT211-0287/2021,Robert Moore,Other,2023-07-01,CS001
SCT211-0288/2021,Lori Skinner,Female,2022-08-06,SE001
SCT211-0289/2021,Samuel Young,Male,2022-07-18,IT001
SCT211-0290/2021,Bryan Hensley,Other,2024-08-17,SE001
SCT211-0291/2021,Bryce Johnson,Female,2023-10-17,IT001
SCT211-0292/2021,Jaime Horn,Male,2023-06-13,IT001
SCT211-0293/2021,Donna Lopez,Female,2024-03-07,IT001
SCT211-0294/2021,Kenneth Taylor,Female,2023-04-22,IT001
SCT211-0295/2021,Mark Gonzales,Male,2024-02-09,SE001
SCT211-0296/2021,Kevin Campbell,Other,2023-10-29,CS001
SCT211-0297/2021,Linda Maldonado,Other,2024-09-01,SE001
SCT211-0298/2021,Timothy Carey,Other,2023-08-22,IT001
SCT211-0299/2021,Bonnie Smith,Male,2024-10-21,SE001
SCT211-0300/2021,David Hart,Male,2023-11-03,IT001
SCT211-0301/2021,Rebecca Walters,Other,2023-08-29,SE001
SCT211-0302/2021,Mrs. Tonya Roman,Other,2023-08-30,CS001
SCT211-0303/2021,Molly Sharp,Other,2022-09-14,IT001
SCT211-0304/2021,Edward Whitaker,Male,2024-06-24,CS001
SCT211-0305/2021,Michael Donaldson,Other,2024-06-06,SE001
SCT211-0306/2021,Kaitlin Higgins,Male,2022-09-10,SE001
SCT211-0307/2021,Linda Taylor,Male,2023-11-30,CS001
SCT211-0308/2021,Patrick Forbes,Female,2024-10-09,IT001
SCT211-0309/2021,Angela Guerrero,Female,2022-03-13,CS001
SCT211-0310/2021,Jeffrey Johnson,Other,2024-08-23,SE001
SCT211-0311/2021,Cathy Lara,Male,2023-06-21,SE001
SCT211-0312/2021,Patrick Parsons,Other,2022-09-06,IT001
SCT211-0313/2021,Timothy Noble,Female,2022-12-05,SE001
SCT211-0314/2021,Jacob Fuller,Male,2023-07-22,CS001
SCT211-0315/2021,Robert Johnson,Other,2024-03-16,SE001
SCT211-0316/2021,Jose Mcguire,Male,2022-05-01,IT001
SCT211-0317/2021,Jessica David,Other,2024-10-22,CS001
SCT211-0318/2021,Gail Mann,Female,2022-11-24,CS001
SCT211-0319/2021,Ashley Mccoy,Female,2023-01-23,SE001
SCT211-0320/2021,Laura Edwards,Other,2023-05-10,CS001
SCT211-0321/2021,Christopher Woods,Male,2022-02-20,CS001
SCT211-0322/2021,Tiffany Garza,Male,2024-06-15,CS001
SCT211-0323/2021,Shelby Rowe,Other,2024-08-24,IT001
SCT211-0324/2021,Mark Rodriguez,Male,2022-08-30,SE001
SCT211-0325/2021,Victoria Little,Female,2022-03-17,IT001
SCT211-0326/2021,Kelsey Noble,Other,2023-10-11,IT001
SCT211-0327/2021,Robert Smith,Other,2024-05-20,CS001
SCT211-0328/2021,Kevin Franco,Other,2022-10-19,IT001
SCT211-0329/2021,Katherine Guzman,Male,2022-03-30,IT001
SCT211-0330/2021,Joseph Mendoza,Other,2024-10-16,CS001
SCT211-0331/2021,Dr. Melissa Stokes,Other,2022-09-26,SE001
SCT211-0332/2021,Gina Austin,Male,2023-01-15,SE001
SCT211-0333/2021,Nicholas Lyons,Female,2024-01-24,IT001
SCT211-0334/2021,Brandon Baker,Male,2022-03-09,SE001
SCT211-0335/2021,Jonathan Jackson,Male,2023-11-28,SE001
SCT211-0336/2021,Craig Cook,Male,2023-05-26,SE001
SCT211-0337/2021,Breanna Murphy,Other,2024-10-17,IT001
SCT211-0338/2021,Shane Mcdonald,Other,2024-05-23,IT001
SCT211-0339/2021,Robert Tran,Male,2023-05-12,SE001
SCT211-0340/2021,Robert Mcfarland,Male,2023-04-13,SE001
SCT211-0341/2021,Laura James,Other,2024-07-10,IT001
SCT211-0342/2021,Alan Dean,Other,2022-11-12,SE001
SCT211-0343/2021,Carrie West,Male,2024-11-02,IT001
SCT211-0344/2021,Paul Cohen,Male,2022-02-19,SE001
SCT211-0345/2021,Cynthia Jones,Other,2024-11-23,SE001
SCT211-0346/2021,David Carrillo,Other,2022-05-01,SE001
SCT211-0347/2021,James Reyes,Male,2024-09-11,CS001
SCT211-0348/2021,Taylor Simmons,Other,2022-02-08,IT001
SCT211-0349/2021,Benjamin Michael,Female,2023-05-15,CS001
SCT211-0350/2021,Amber Horton,Other,2023-07-10,CS001
SCT211-0351/2021,Dave Hardy,Male,2023-10-01,SE001
SCT211-0352/2021,Kim Kennedy,Female,2023-01-06,IT001
SCT211-0353/2021,John Stewart,Other,2022-07-27,IT001
SCT211-0354/2021,Andrew Martinez,Female,2023-02-26,CS001
SCT211-0355/2021,Michael Edwards,Female,2024-02-04,SE001
SCT211-0356/2021,Kenneth Wilson,Male,2024-09-23,CS001
SCT211-0357/2021,Ruth Sanchez,Female,2023-12-30,IT001
SCT211-0358/2021,Matthew Thompson,Male,2022-08-10,CS001
SCT211-0359/2021,Tina Smith,Other,2023-02-09,CS001
SCT211-0360/2021,Heather Lee,Other,2024-03-11,CS001
SCT211-0361/2021,Katie Wood,Female,2024-01-15,IT001
SCT211-0362/2021,Pamela Bennett,Male,2023-06-27,CS001
SCT211-0363/2021,Jonathan Williams,Other,2024-10-11,SE001
SCT211-0364/2021,Christopher Henry,Other,2023-08-11,SE001
SCT211-0365/2021,Linda Adams,Male,2023-10-03,CS001
SCT211-0366/2021,Mia Lee,Female,2022-04-13,SE001
SCT211-0367/2021,Michael Marshall,Other,2022-03-13,IT001
SCT211-0368/2021,Chad Mcdonald,Female,2024-11-22,SE001
SCT211-0369/2021,Eric Martin,Male,2022-10-01,SE001
SCT211-0370/2021,Benjamin Johnson,Female,2024-09-21,CS001
SCT211-0371/2021,Kelly Hale,Female,2023-05-31,IT001
SCT211-0372/2021,Thomas Woods,Other,2024-10-20,CS001
SCT211-0373/2021,Patricia Stone,Male,2023-10-09,IT001
SCT211-0374/2021,Ann Ray,Female,2022-07-05,IT001
SCT211-0375/2021,Lisa Jefferson,Female,2022-06-24,IT001
SCT211-0376/2021,Daniel George,Male,2023-06-25,SE001
SCT211-0377/2021,Roger Carlson,Other,2022-09-02,CS001
SCT211-0378/2021,Christopher Gilbert,Male,2024-05-31,SE001
SCT211-0379/2021,Sarah Maldonado,Other,2022-06-02,IT001
SCT211-0380/2021,Ashlee Brown,Male,2024-01-14,CS001
SCT211-0381/2021,Glenn Pitts,Male,2023-09-23,IT001
SCT211-0382/2021,David Mcclure,Other,2023-09-15,SE001
SCT211-0383/2021,Brian Jacobs,Male,2023-10-21,CS001
SCT211-0384/2021,Walter Nash,Male,2022-05-06,IT001
SCT211-0385/2021,David White,Other,2023-06-29,SE001
SCT211-0386/2021,Gary Hardy,Female,2022-06-14,IT001
SCT211-0387/2021,Andrea Warren,Female,2022-05-29,SE001
SCT211-0388/2021,Mrs. Marilyn Rios,Male,2022-10-20,CS001
SCT211-0389/2021,Laura Tran,Female,2024-03-23,IT001
SCT211-0390/2021,Eugene Perez,Other,2024-12-10,IT001
SCT211-0391/2021,Stephen Ayala,Female,2023-12-10,SE001
SCT211-0392/2021,Linda Fisher,Female,2024-07-17,IT001
SCT211-0393/2021,David Huffman,Other,2024-04-12,CS001
SCT211-0394/2021,Ariana Nguyen,Male,2023-12-14,SE001
SCT211-0395/2021,John Mckenzie,Other,2022-08-03,CS001
SCT211-0396/2021,Daniel Thomas,Female,2023-04-22,CS001
SCT211-0397/2021,Kevin Young,Female,2024-05-15,IT001
SCT211-0398/2021,Victoria Dean,Female,2022-01-21,CS001
SCT211-0399/2021,Jeremiah Manning DDS,Other,2022-06-06,SE001
SCT211-0400/2021,Christian Murray,Male,2024-01-03,IT001
SCT211-0401/2021,Kimberly Williams,Other,2024-01-08,IT001
SCT211-0402/2021,Edward Rocha,Other,2024-01-26,IT001
SCT211-0403/2021,Timothy Brown,Male,2022-02-22,CS001
SCT211-0404/2021,Brandon Hernandez,Male,2022-11-05,SE001
SCT211-0405/2021,Kurt Harris,Other,2024-10-26,IT001
SCT211-0406/2021,Peter Fowler,Female,2024-05-13,CS001
SCT211-0407/2021,Wanda Oliver,Female,2024-12-22,SE001
SCT211-0408/2021,Chloe Frazier,Female,2022-10-16,IT001
SCT211-0409/2021,Erin Dyer,Other,2024-01-27,SE001
SCT211-0410/2021,Eric Bennett,Female,2022-12-17,SE001
SCT211-0411/2021,Justin Hansen,Male,2024-09-09,SE001
SCT211-0412/2021,Melinda Hamilton,Other,2022-01-10,CS001
SCT211-0413/2021,Mary Mcgee,Other,2022-09-06,SE001
SCT211-0414/2021,Nicole Arellano,Female,2024-01-24,SE001
SCT211-0415/2021,Mark Jones,Female,2022-10-29,IT001
SCT211-0416/2021,William Smith,Female,2023-10-05,CS001
SCT211-0417/2021,Sharon Humphrey,Other,2024-01-24,SE001
SCT211-0418/2021,Elizabeth Foster,Male,2022-03-04,IT001
SCT211-0419/2021,Megan Thornton,Female,2022-09-02,SE001
SCT211-0420/2021,Jennifer Garcia,Other,2022-02-02,CS001
SCT211-0421/2021,Ryan Savage,Other,2023-11-09,IT001
SCT211-0422/2021,Robert Ayala,Other,2023-09-09,CS001
SCT211-0423/2021,Nathan Johnson,Other,2022-12-22,CS001
SCT211-0424/2021,Carly Thompson,Other,2024-03-28,IT001
SCT211-0425/2021,Ashley Jennings MD,Female,2022-11-06,SE001
SCT211-0426/2021,Ethan Jones,Other,2022-11-16,SE001
SCT211-0427/2021,James Lopez,Male,2024-09-07,CS001
SCT211-0428/2021,David Martin,Other,2024-04-23,CS001
SCT211-0429/2021,Amy Bush,Other,2022-10-13,SE001
SCT211-0430/2021,Donna Garcia,Female,2024-05-10,IT001
SCT211-0431/2021,Brandon Preston,Other,2023-11-07,IT001
SCT211-0432/2021,Jonathan Ingram,Male,2022-08-02,SE001
SCT211-0433/2021,Lauren Wood,Female,2023-08-03,IT001
SCT211-0434/2021,Margaret Edwards,Male,2023-02-28,IT001
SCT211-0435/2021,Ashley Cortez,Male,2023-04-08,CS001
SCT211-0436/2021,Glenda Dixon,Female,2024-10-11,CS001
SCT211-0437/2021,Jacqueline Hudson,Other,2024-12-17,CS001
SCT211-0438/2021,Kathryn Ball,Female,2023-12-27,IT001
SCT211-0439/2021,Jacob Ford,Male,2023-01-04,SE001
SCT211-0440/2021,Christopher Martin,Other,2024-01-13,SE001
SCT211-0441/2021,Samantha Parker,Other,2022-03-05,CS001
SCT211-0442/2021,Gerald Mcguire,Male,2024-07-20,IT001
SCT211-0443/2021,Jason Smith,Female,2023-02-02,SE001
SCT211-0444/2021,Erika Scott,Female,2023-05-21,CS001
SCT211-0445/2021,Casey Thompson,Other,2023-02-08,CS001
SCT211-0446/2021,Kenneth Doyle,Other,2022-05-25,SE001
SCT211-0447/2021,Justin Douglas,Male,2023-05-08,CS001
SCT211-0448/2021,Joshua Bishop,Other,2023-03-16,CS001
SCT211-0449/2021,Steven Jackson,Other,2023-01-30,CS001
SCT211-0450/2021,Charles Romero,Male,2024-09-12,SE001
SCT211-0451/2021,Garrett Braun,Male,2023-02-27,SE001
SCT211-0452/2021,Elizabeth Lopez,Other,2023-04-07,IT001
SCT211-0453/2021,Brian Gordon,Female,2022-08-01,SE001
SCT211-0454/2021,Mr. Jason Williams,Other,2024-09-18,CS001
SCT211-0455/2021,Steven Miller,Male,2022-11-10,IT001
SCT211-0456/2021,Alicia Nichols,Female,2023-04-18,IT001
SCT211-0457/2021,Kimberly Aguilar,Female,2023-06-18,CS001
SCT211-0458/2021,John Johnson,Male,2023-11-29,SE001
SCT211-0459/2021,Savannah Schwartz,Female,2022-08-20,CS001
SCT211-0460/2021,Sean George,Male,2022-10-21,CS001
SCT211-0461/2021,Mark Bennett,Other,2022-09-09,CS001
SCT211-0462/2021,Mario Sullivan,Female,2023-12-08,IT001
SCT211-0463/2021,Corey Fox,Male,2023-04-23,IT001
SCT211-0464/2021,Elizabeth Webb,Male,2023-05-29,CS001
SCT211-0465/2021,Don Lester,Male,2023-03-27,CS001
SCT211-0466/2021,Katherine Pittman,Other,2022-04-24,SE001
SCT211-0467/2021,Richard Pace,Male,2023-04-21,SE001
SCT211-0468/2021,Jennifer Brown,Other,2024-07-13,CS001
SCT211-0469/2021,Jeremy Miller,Male,2023-11-22,IT001
SCT211-0470/2021,Steven Patterson,Other,2022-11-18,SE001
SCT211-0471/2021,Cathy Higgins,Male,2022-10-25,IT001
SCT211-0472/2021,Norma Gomez,Female,2024-02-25,SE001
SCT211-0473/2021,Melanie Collins,Female,2022-08-15,CS001
SCT211-0474/2021,Ashley Richards,Male,2024-04-15,IT001
SCT211-0475/2021,Jim Kelly,Other,2022-03-26,SE001
SCT211-0476/2021,Kristina Santos,Other,2022-10-20,SE001
SCT211-0477/2021,Heidi Rojas,Male,2022-11-22,CS001
SCT211-0478/2021,Rachel Morton,Female,2024-12-09,CS001
SCT211-0479/2021,Kirk Martin,Other,2022-06-19,CS001
SCT211-0480/2021,Valerie Cunningham DVM,Other,2022-04-01,IT001
SCT211-0481/2021,Emily Woods,Female,2024-01-16,CS001
SCT211-0482/2021,Amanda Young,Female,2024-04-27,IT001
SCT211-0483/2021,Janet Alvarez,Male,2024-05-11,IT001
SCT211-0484/2021,Leah Tucker,Female,2024-07-12,CS001
SCT211-0485/2021,Darrell Greene DVM,Other,2022-12-13,IT001
SCT211-0486/2021,Daniel Blackburn,Female,2023-03-14,CS001
SCT211-0487/2021,Jennifer Adkins,Male,2023-01-30,IT001
SCT211-0488/2021,Erica Gray,Female,2022-11-23,SE001
SCT211-0489/2021,Kelly Potter,Male,2022-07-08,SE001
SCT211-0490/2021,Leah Green,Male,2024-03-05,CS001
SCT211-0491/2021,Cody Terry,Other,2023-05-12,CS001
SCT211-0492/2021,Kimberly Moody,Female,2022-11-22,CS001
SCT211-0493/2021,Nathaniel Thornton,Other,2023-06-14,SE001
SCT211-0494/2021,Erin Ramirez,Male,2023-09-29,IT001
SCT211-0495/2021,Jimmy Moore,Other,2023-01-07,CS001
SCT211-0496/2021,Joanna Chaney,Male,2024-03-17,SE001
SCT211-0497/2021,Virginia Banks,Female,2024-05-13,SE001
SCT211-0498/2021,John Heath,Male,2023-06-06,IT001
SCT211-0499/2021,Martin Rose,Female,2022-07-21,IT001
SCT211-0500/2021,Cheyenne Boone,Other,2023-12-23,SE001
SCT211-0501/2021,Paula Hansen,Female,2023-06-29,CS001
SCT211-0502/2021,Wendy Neal,Male,2024-03-10,IT001
SCT211-0503/2021,Alison Wiley,Male,2023-03-22,IT001
SCT211-0504/2021,Kevin Fuentes,Male,2024-02-29,IT001
SCT211-0505/2021,Daniel Thompson,Female,2022-08-28,SE001
SCT211-0506/2021,Debra Clark,Female,2023-10-16,IT001
SCT211-0507/2021,Tamara Meyer,Female,2022-06-16,IT001
SCT211-0508/2021,Jasmine Wong,Female,2023-12-06,IT001
SCT211-0509/2021,Amanda Andrade,Other,2022-03-11,IT001
SCT211-0510/2021,Gregory Brown,Other,2023-05-12,CS001
SCT211-0511/2021,Jessica Bass,Male,2024-09-01,IT001
SCT211-0512/2021,Teresa Fox,Female,2022-05-22,IT001
SCT211-0513/2021,Michael Hunt,Male,2024-12-24,CS001
SCT211-0514/2021,Nicole Quinn,Female,2022-11-13,CS001
SCT211-0515/2021,Pedro Bullock,Other,2022-05-08,CS001
SCT211-0516/2021,Mrs. Jennifer Garrett,Female,2022-09-04,SE001
SCT211-0517/2021,Brian Young,Male,2023-04-05,CS001
SCT211-0518/2021,Jose Brown,Female,2022-07-15,CS001
SCT211-0519/2021,Jennifer Miller,Male,2023-03-21,SE001
SCT211-0520/2021,Jamie Olson,Female,2022-06-14,CS001
SCT211-0521/2021,Kelly Ruiz,Male,2022-05-24,IT001
SCT211-0522/2021,David Rice,Male,2024-03-08,CS001
SCT211-0523/2021,Jodi Bryan,Other,2022-12-28,SE001
SCT211-0524/2021,Kiara Anderson,Male,2022-11-23,SE001
SCT211-0525/2021,Daniel Massey,Other,2023-02-08,CS001
SCT211-0526/2021,Donald Lewis,Female,2023-04-24,IT001
SCT211-0527/2021,Lisa Morgan,Other,2023-11-10,CS001
SCT211-0528/2021,Jason Waters,Other,2023-04-23,CS001
SCT211-0529/2021,Tanya Mendez,Other,2024-05-15,SE001
SCT211-0530/2021,Todd Pratt,Other,2022-03-12,CS001
SCT211-0531/2021,Erika Brown,Male,2022-06-07,CS001
SCT211-0532/2021,Melissa Mclaughlin,Male,2023-05-29,SE001
SCT211-0533/2021,Kathleen Smith,Other,2023-03-22,CS001
SCT211-0534/2021,Brandon Hurley,Female,2024-03-16,IT001
SCT211-0535/2021,Aaron Jones,Female,2022-04-20,IT001
SCT211-0536/2021,April Austin,Male,2025-01-03,IT001
SCT211-0537/2021,Richard Bolton,Female,2023-02-12,IT001
SCT211-0538/2021,Cole Perry,Other,2022-10-07,SE001
SCT211-0539/2021,Steven Davis,Female,2022-02-03,IT001
SCT211-0540/2021,Lisa Potter,Other,2024-04-12,CS001
SCT211-0541/2021,James Johnston,Female,2024-12-01,IT001
SCT211-0542/2021,Kayla Cordova,Other,2023-10-15,IT001
SCT211-0543/2021,Heather Manning,Other,2022-07-30,CS001
SCT211-0544/2021,Ronald Parsons,Other,2023-03-16,SE001
SCT211-0545/2021,Sara Koch,Other,2024-11-13,CS001
SCT211-0546/2021,Leonard Hickman,Female,2022-04-04,IT001
SCT211-0547/2021,Kayla Morales,Male,2022-03-12,CS001
SCT211-0548/2021,David Allen,Other,2024-05-21,SE001
SCT211-0549/2021,Barbara Bowman,Male,2023-10-10,IT001
SCT211-0550/2021,Billy Cantu,Other,2024-04-30,CS001
SCT211-0551/2021,Kim Acosta,Female,2023-05-29,IT001
SCT211-0552/2021,James Harris,Male,2023-08-20,IT001
SCT211-0553/2021,David Thompson,Male,2022-08-17,CS001
SCT211-0554/2021,David Arias,Female,2023-11-04,CS001
SCT211-0555/2021,Christopher Ramsey,Male,2024-07-21,CS001
SCT211-0556/2021,Jennifer Flores,Male,2023-06-08,SE001
SCT211-0557/2021,Christina Anderson,Female,2024-05-29,SE001
SCT211-0558/2021,Karen Park,Other,2024-10-22,CS001
SCT211-0559/2021,Alan Gonzales,Female,2022-06-05,CS001
SCT211-0560/2021,Melissa Jordan,Other,2023-09-14,CS001
SCT211-0561/2021,Emily Harris,Male,2023-11-26,IT001
SCT211-0562/2021,Doris Baker,Other,2022-05-05,CS001
SCT211-0563/2021,David Green,Female,2024-09-20,SE001
SCT211-0564/2021,Melanie Oneal,Other,2022-11-27,CS001
SCT211-0565/2021,Linda Fowler,Female,2023-06-20,IT001
SCT211-0566/2021,Kyle Castillo,Other,2024-09-19,SE001
SCT211-0567/2021,Michael Holland,Female,2024-01-25,SE001
SCT211-0568/2021,Danielle Blake,Other,2024-06-18,CS001
SCT211-0569/2021,Laura Ware,Other,2023-02-23,SE001
SCT211-0570/2021,Andres Hampton,Other,2023-08-21,CS001
SCT211-0571/2021,Brad Elliott,Other,2023-11-06,SE001
SCT211-0572/2021,Richard Martin,Female,2024-09-18,CS001
SCT211-0573/2021,Nathan Lee DDS,Male,2024-12-26,IT001
SCT211-0574/2021,Elizabeth Sosa,Other,2024-10-12,SE001
SCT211-0575/2021,Joshua Moses,Male,2023-06-27,IT001
SCT211-0576/2021,Karen English,Female,2024-12-07,SE001
SCT211-0577/2021,Megan Thomas,Other,2024-02-17,SE001
SCT211-0578/2021,Jamie Robertson,Female,2023-02-01,CS001
SCT211-0579/2021,Linda Pratt,Male,2024-05-07,IT001
SCT211-0580/2021,James Huynh,Male,2024-03-27,IT001
SCT211-0581/2021,Susan Potts,Male,2022-01-29,CS001
SCT211-0582/2021,Ryan James,Other,2023-04-24,CS001
SCT211-0583/2021,George Klein,Male,2022-12-18,SE001
SCT211-0584/2021,Shelby Kelly,Other,2023-09-16,CS001
SCT211-0585/2021,Stephanie Sellers,Male,2024-09-20,CS001
SCT211-0586/2021,Eric Robinson,Other,2022-02-17,CS001
SCT211-0587/2021,Brandy Allen,Female,2022-06-18,CS001
SCT211-0588/2021,Kelli Kelly,Male,2023-10-16,IT001
SCT211-0589/2021,John Perkins,Other,2022-09-03,SE001
SCT211-0590/2021,Holly Moore,Other,2022-11-23,IT001
SCT211-0591/2021,Jessica Solis,Female,2024-07-05,IT001
SCT211-0592/2021,Tyrone Elliott,Female,2023-10-18,SE001
SCT211-0593/2021,Edward Jones,Male,2023-08-25,CS001
SCT211-0594/2021,James Jackson,Female,2024-01-13,CS001
SCT211-0595/2021,Luis Lucero,Female,2024-10-29,CS001
SCT211-0596/2021,Ethan Oliver,Other,2023-11-26,CS001
SCT211-0597/2021,Brittany Jones,Other,2023-12-28,SE001
SCT211-0598/2021,Vanessa Perry,Female,2022-08-01,SE001
SCT211-0599/2021,Laura Williams,Female,2024-08-09,CS001
SCT211-0600/2021,Christopher Ross,Female,2024-01-28,SE001
SCT211-0601/2021,Amanda Meyer,Other,2022-01-16,IT001
SCT211-0602/2021,Alexander Morgan,Female,2023-01-23,CS001
SCT211-0603/2021,Devon Elliott,Male,2022-08-31,IT001
SCT211-0604/2021,Adam Mercado,Other,2023-04-19,SE001
SCT211-0605/2021,Ashley Johnson,Male,2024-03-30,CS001
SCT211-0606/2021,Adam Perry,Male,2023-07-29,SE001
SCT211-0607/2021,Micheal Duffy,Male,2023-11-14,SE001
SCT211-0608/2021,Sherry Wolf,Male,2024-11-01,CS001
SCT211-0609/2021,Jennifer Smith,Female,2022-04-19,SE001
SCT211-0610/2021,Stephanie Frank,Male,2022-06-09,SE001
SCT211-0611/2021,Leslie Miller,Male,2023-06-24,SE001
SCT211-0612/2021,Johnathan Reyes,Female,2022-10-02,SE001
SCT211-0613/2021,Laura Chapman,Male,2024-08-28,SE001
SCT211-0614/2021,Megan Lopez,Female,2022-05-16,SE001
SCT211-0615/2021,Vanessa Hanson,Female,2023-07-28,SE001
SCT211-0616/2021,Beth Ward,Female,2023-05-01,SE001
SCT211-0617/2021,Emily Bradshaw,Other,2023-07-22,IT001
SCT211-0618/2021,Juan Haney,Other,2023-05-02,SE001
SCT211-0619/2021,Nicholas Martin,Other,2022-03-27,SE001
SCT211-0620/2021,Timothy Rogers,Female,2024-02-10,SE001
SCT211-0621/2021,Natalie Jones,Female,2023-07-14,IT001
SCT211-0622/2021,Sheryl Moreno,Other,2024-05-02,SE001
SCT211-0623/2021,Sherry Delgado,Female,2024-03-27,SE001
SCT211-0624/2021,Tammy Cole,Female,2022-01-10,CS001
SCT211-0625/2021,Albert Harper,Female,2022-07-23,CS001
SCT211-0626/2021,Megan Matthews,Male,2022-09-23,IT001
SCT211-0627/2021,Cynthia Johnson,Female,2023-11-21,IT001
SCT211-0628/2021,Alex Marshall,Other,2022-12-22,CS001
SCT211-0629/2021,William Brown,Other,2022-04-06,CS001
SCT211-0630/2021,Julian Young,Other,2023-11-20,SE001
SCT211-0631/2021,Bradley Torres,Other,2023-03-30,SE001
SCT211-0632/2021,Elizabeth Jones,Male,2023-06-07,SE001
SCT211-0633/2021,Tony Lucas,Other,2022-03-26,CS001
SCT211-0634/2021,Janet Mckee,Male,2022-02-15,CS001
SCT211-0635/2021,Paula Taylor,Male,2024-02-02,SE001
SCT211-0636/2021,Hannah Gonzales,Female,2022-05-24,IT001
SCT211-0637/2021,Joseph Hogan,Male,2024-07-30,IT001
SCT211-0638/2021,Douglas Taylor,Male,2024-04-14,IT001
SCT211-0639/2021,James Long,Male,2022-11-30,IT001
SCT211-0640/2021,Amy Preston,Other,2022-06-08,CS001
SCT211-0641/2021,William Lane,Female,2024-09-06,CS001
SCT211-0642/2021,Sharon Ross,Other,2024-10-28,IT001
SCT211-0643/2021,Dylan Cooper,Other,2022-06-29,IT001
SCT211-0644/2021,Robert Pruitt,Male,2023-09-28,IT001
SCT211-0645/2021,John Clark,Other,2022-06-25,IT001
SCT211-0646/2021,Kathryn Anderson,Other,2023-05-30,CS001
SCT211-0647/2021,Phillip Rojas,Female,2022-07-03,SE001
SCT211-0648/2021,Ryan Wright,Other,2024-06-03,SE001
SCT211-0649/2021,Tina Hernandez,Other,2022-03-31,SE001
SCT211-0650/2021,Jessica Martin MD,Male,2022-11-24,SE001
SCT211-0651/2021,Scott Wilcox,Female,2024-03-17,IT001
SCT211-0652/2021,Robert Casey,Other,2024-10-08,IT001
SCT211-0653/2021,Tonya Randall,Male,2024-09-24,SE001
SCT211-0654/2021,Karen Knox,Male,2022-06-13,SE001
SCT211-0655/2021,Sandra Mayer,Male,2024-07-03,IT001
SCT211-0656/2021,Michael Harris Jr.,Other,2023-08-20,SE001
SCT211-0657/2021,Rodney Chandler,Male,2024-01-31,CS001
SCT211-0658/2021,Michael Miller,Female,2023-07-07,SE001
SCT211-0659/2021,Zachary Werner,Female,2023-11-23,CS001
SCT211-0660/2021,Sarah Summers,Other,2023-08-24,IT001
SCT211-0661/2021,Cassidy Fuller,Other,2024-04-01,IT001
SCT211-0662/2021,Bethany Flores,Male,2023-10-27,CS001
SCT211-0663/2021,Robert James,Other,2022-04-25,SE001
SCT211-0664/2021,Robert Goodwin,Other,2024-09-03,SE001
SCT211-0665/2021,Kristen Leblanc,Female,2024-12-02,SE001
SCT211-0666/2021,Ricky Davis,Female,2023-06-30,IT001
SCT211-0667/2021,Jessica Potter,Other,2024-10-17,SE001
SCT211-0668/2021,Dr. Rachel Wilson,Female,2022-01-14,SE001
SCT211-0669/2021,Henry Hudson MD,Other,2024-08-06,CS001
SCT211-0670/2021,Theresa Morse,Female,2022-06-18,IT001
SCT211-0671/2021,John Smith,Other,2023-02-14,IT001
SCT211-0672/2021,Sherri Cole,Male,2023-02-14,SE001
SCT211-0673/2021,Anthony Salinas,Male,2022-12-11,IT001
SCT211-0674/2021,Kent Brown,Male,2023-09-11,CS001
SCT211-0675/2021,Dylan Smith,Female,2022-11-05,CS001
SCT211-0676/2021,Mary Waters,Male,2023-06-13,IT001
SCT211-0677/2021,Brian Bates,Other,2024-11-25,IT001
SCT211-0678/2021,Robert Pena,Male,2022-05-23,CS001
SCT211-0679/2021,Janet Mcintyre,Other,2022-07-12,SE001
SCT211-0680/2021,James Stevenson,Female,2022-09-21,CS001
SCT211-0681/2021,Rebecca Hayes,Male,2024-12-23,CS001
SCT211-0682/2021,David Scott,Male,2024-08-09,CS001
SCT211-0683/2021,Steven Miller,Other,2023-10-02,IT001
SCT211-0684/2021,Jennifer Brown,Male,2022-08-05,SE001
SCT211-0685/2021,Nicholas Wells,Male,2024-03-16,CS001
SCT211-0686/2021,David Cain,Male,2022-09-20,SE001
SCT211-0687/2021,Brittany Wilcox,Female,2022-03-30,CS001
SCT211-0688/2021,Craig Mitchell,Male,2023-09-02,IT001
SCT211-0689/2021,Shawn Brown,Other,2023-02-13,SE001
SCT211-0690/2021,Jennifer Davis,Other,2024-08-25,IT001
SCT211-0691/2021,Kathleen Moody,Other,2023-06-18,IT001
SCT211-0692/2021,Jennifer Taylor,Male,2024-06-24,IT001
SCT211-0693/2021,David Smith,Other,2023-02-23,CS001
SCT211-0694/2021,Charles Cardenas,Female,2022-02-13,IT001
SCT211-0695/2021,Laurie Lopez,Male,2022-06-09,CS001
SCT211-0696/2021,Alex Ward,Female,2022-04-02,SE001
SCT211-0697/2021,Elizabeth Wallace,Male,2024-07-17,IT001
SCT211-0698/2021,Jason Martinez,Other,2024-12-12,CS001
SCT211-0699/2021,Jeffrey Miller,Female,2023-11-09,SE001
SCT211-0700/2021,Lisa Johnson,Female,2024-06-05,CS001
SCT211-0701/2021,Anthony Escobar,Male,2023-03-05,CS001
SCT211-0702/2021,Brittney Marsh,Male,2022-11-27,SE001
SCT211-0703/2021,John Gonzalez,Other,2023-12-12,IT001
SCT211-0704/2021,Jerome Whitney MD,Female,2024-02-28,SE001
SCT211-0705/2021,Rachel Ramirez,Male,2022-06-15,IT001
SCT211-0706/2021,Sherri Jones,Female,2023-08-14,CS001
SCT211-0707/2021,Daniel Davidson,Male,2022-02-03,SE001
SCT211-0708/2021,Lisa Roberts,Male,2024-05-24,CS001
SCT211-0709/2021,Nathan Long,Other,2024-12-30,SE001
SCT211-0710/2021,Jonathan Jones,Other,2022-06-06,IT001
SCT211-0711/2021,John Giles,Other,2022-05-16,IT001
SCT211-0712/2021,Kevin Obrien,Female,2022-05-27,CS001
SCT211-0713/2021,Dean Hall,Female,2023-12-28,SE001
SCT211-0714/2021,Haley Hamilton,Male,2024-11-18,SE001
SCT211-0715/2021,Austin Allen,Other,2024-12-04,CS001
SCT211-0716/2021,Ronald Jensen,Male,2024-04-24,CS001
SCT211-0717/2021,Lisa Thomas,Female,2022-03-08,IT001
SCT211-0718/2021,Mary Gaines,Other,2022-09-13,CS001
SCT211-0719/2021,Hannah Gray,Male,2023-12-26,IT001
SCT211-0720/2021,Antonio Walton,Female,2023-04-26,SE001
SCT211-0721/2021,Thomas Gordon,Male,2024-09-27,CS001
SCT211-0722/2021,Heather Edwards,Male,2022-02-24,IT001
SCT211-0723/2021,Ashley Barber,Other,2023-07-13,CS001
SCT211-0724/2021,Stephanie Collins,Other,2022-11-01,SE001
SCT211-0725/2021,Charles Gray,Other,2022-03-01,CS001
SCT211-0726/2021,Madison Hubbard,Male,2022-03-22,CS001
SCT211-0727/2021,Christopher Lee,Male,2023-11-20,SE001
SCT211-0728/2021,Dr. Kristina Walters,Other,2023-02-17,CS001
SCT211-0729/2021,Megan Rodriguez,Male,2024-01-28,IT001
SCT211-0730/2021,Joshua Lopez,Male,2022-10-10,CS001
SCT211-0731/2021,Holly Kennedy,Other,2024-10-29,IT001
SCT211-0732/2021,Brian Thompson,Male,2022-09-18,CS001
SCT211-0733/2021,Todd Willis,Female,2022-07-20,IT001
SCT211-0734/2021,Meagan Porter,Female,2024-04-07,IT001
SCT211-0735/2021,Destiny Harrison,Male,2024-11-16,SE001
SCT211-0736/2021,Laurie May,Male,2023-01-16,CS001
SCT211-0737/2021,Mrs. Kimberly Martin,Female,2022-07-29,IT001
SCT211-0738/2021,Brian Kelly,Female,2024-11-19,IT001
SCT211-0739/2021,Kevin Kennedy,Male,2023-01-26,IT001
SCT211-0740/2021,Heather Ramirez,Female,2023-12-24,IT001
SCT211-0741/2021,Amy White,Male,2023-10-24,CS001
SCT211-0742/2021,Barbara Powell,Other,2023-12-13,CS001
SCT211-0743/2021,Terry Thompson,Female,2024-05-29,CS001
SCT211-0744/2021,Raven Hall,Female,2024-12-30,IT001
SCT211-0745/2021,James Lee,Male,2022-03-12,SE001
SCT211-0746/2021,James Hall,Other,2024-07-29,SE001
SCT211-0747/2021,Leah Willis,Female,2022-03-03,SE001
SCT211-0748/2021,Kyle Lawrence,Other,2023-12-10,CS001
SCT211-0749/2021,Susan Arnold,Female,2024-12-19,CS001
SCT211-0750/2021,Chris Cox,Female,2022-07-05,IT001
SCT211-0751/2021,Jesse Morris,Female,2023-03-24,SE001
SCT211-0752/2021,Anna Nguyen,Other,2022-05-31,SE001
SCT211-0753/2021,Hector Garcia,Female,2022-10-12,SE001
SCT211-0754/2021,Amanda Johnson,Female,2024-01-04,CS001
SCT211-0755/2021,Matthew Briggs,Other,2024-05-17,SE001
SCT211-0756/2021,Craig Brown,Female,2022-06-24,SE001
SCT211-0757/2021,Michael Phillips,Female,2023-11-20,CS001
SCT211-0758/2021,Michael Robertson,Other,2023-07-06,IT001
SCT211-0759/2021,Susan Hawkins,Other,2024-07-11,SE001
SCT211-0760/2021,Gary Black,Male,2022-10-16,CS001
SCT211-0761/2021,Bryan Newman,Other,2023-10-18,CS001
SCT211-0762/2021,Pamela Spencer,Male,2023-03-16,CS001
SCT211-0763/2021,Joel Johnson,Other,2024-02-13,SE001
SCT211-0764/2021,David Daniel,Female,2023-04-12,SE001
SCT211-0765/2021,Jasmine Anderson,Other,2024-04-26,IT001
SCT211-0766/2021,Mr. Brandon Lowe,Other,2023-11-10,IT001
SCT211-0767/2021,Anne Olsen,Other,2022-12-03,SE001
SCT211-0768/2021,Michael Stein,Other,2023-11-23,IT001
SCT211-0769/2021,Stephanie Rose,Female,2024-07-03,SE001
SCT211-0770/2021,Jennifer Sanchez,Female,2023-04-09,SE001
SCT211-0771/2021,Rhonda Davis,Male,2024-11-20,SE001
SCT211-0772/2021,Gregory Hess,Other,2023-08-13,IT001
SCT211-0773/2021,Robin Hall,Female,2023-05-04,IT001
SCT211-0774/2021,Jonathan Beltran,Female,2024-10-10,CS001
SCT211-0775/2021,Mandy Hicks,Female,2022-12-03,SE001
SCT211-0776/2021,Denise Cook,Male,2023-05-01,CS001
SCT211-0777/2021,Julie Flores,Male,2024-05-13,SE001
SCT211-0778/2021,Lawrence Johnson,Other,2024-10-02,IT001
SCT211-0779/2021,Cameron Williams,Female,2022-10-04,CS001
SCT211-0780/2021,Benjamin Clements,Male,2023-02-07,SE001
SCT211-0781/2021,Veronica Smith,Female,2024-01-13,CS001
SCT211-0782/2021,Mrs. Yesenia Aguilar,Other,2024-11-05,IT001
SCT211-0783/2021,Richard Sanchez,Male,2022-06-21,SE001
SCT211-0784/2021,Teresa Hill,Male,2023-08-28,IT001
SCT211-0785/2021,Angela Rodgers,Other,2024-08-17,IT001
SCT211-0786/2021,John Rodriguez,Female,2024-04-13,CS001
SCT211-0787/2021,Cole Roberts,Other,2024-10-06,SE001
SCT211-0788/2021,Michael Sullivan,Other,2023-03-10,CS001
SCT211-0789/2021,Wayne Nguyen,Male,2022-01-08,SE001
SCT211-0790/2021,Caleb Black,Other,2022-05-08,SE001
SCT211-0791/2021,Michelle Black,Female,2024-08-26,IT001
SCT211-0792/2021,Beth Gallegos,Female,2022-02-14,IT001
SCT211-0793/2021,David Weber,Other,2022-09-09,SE001
SCT211-0794/2021,Heather Hodge,Female,2022-06-18,SE001
SCT211-0795/2021,Adam Morris,Male,2024-05-13,CS001
SCT211-0796/2021,Timothy Parker,Male,2023-06-20,CS001
SCT211-0797/2021,Kristin Johnson,Female,2022-12-08,IT001
SCT211-0798/2021,Amy Parker,Other,2024-09-27,CS001
SCT211-0799/2021,Andrew Pearson,Other,2023-08-31,CS001
SCT211-0800/2021,Amber Roberts,Male,2023-08-23,CS001
SCT211-0801/2021,Aaron Burns,Male,2022-01-19,SE001
SCT211-0802/2021,Dr. Deanna Bruce,Male,2022-04-09,CS001
SCT211-0803/2021,Connie Deleon,Female,2024-08-14,IT001
SCT211-0804/2021,Sarah Richardson,Other,2024-12-07,IT001
SCT211-0805/2021,Bryan Park,Other,2022-11-06,IT001
SCT211-0806/2021,Christine Clayton,Other,2024-12-04,CS001
SCT211-0807/2021,Jeffrey Moore,Female,2023-08-22,SE001
SCT211-0808/2021,Jacqueline Howell,Other,2022-05-07,CS001
SCT211-0809/2021,Marilyn Marsh,Female,2023-03-20,SE001
SCT211-0810/2021,Allison Allen,Female,2022-04-30,SE001
SCT211-0811/2021,Mrs. Sandra Rush,Male,2024-01-10,IT001
SCT211-0812/2021,Amber Martinez,Female,2023-06-12,SE001
SCT211-0813/2021,Michael Holmes,Male,2024-12-04,SE001
SCT211-0814/2021,Steve Martinez,Other,2023-01-17,IT001
SCT211-0815/2021,Sharon King,Male,2023-09-13,IT001
SCT211-0816/2021,Nathaniel Ward,Male,2022-08-09,SE001
SCT211-0817/2021,Brandy Peterson,Female,2024-09-10,IT001
SCT211-0818/2021,Dalton Sanchez,Female,2022-05-06,SE001
SCT211-0819/2021,Edward Miller,Other,2022-12-20,CS001
SCT211-0820/2021,Nicole Williams,Other,2024-04-05,CS001
SCT211-0821/2021,Melissa Sweeney,Male,2023-04-10,IT001
SCT211-0822/2021,Robert Bauer,Male,2022-01-16,CS001
SCT211-0823/2021,Alexander Lyons,Female,2024-10-06,IT001
SCT211-0824/2021,Cynthia Diaz,Male,2023-07-05,SE001
SCT211-0825/2021,Pamela Woods,Other,2022-03-06,IT001
SCT211-0826/2021,Eric Ross,Other,2023-04-22,IT001
SCT211-0827/2021,Justin Chase,Female,2022-03-11,SE001
SCT211-0828/2021,Nicole Brennan,Male,2023-08-28,IT001
SCT211-0829/2021,Jessica Diaz,Female,2022-03-04,CS001
SCT211-0830/2021,Leah Mccoy,Female,2024-07-20,CS001
SCT211-0831/2021,Christine Porter,Other,2022-02-02,IT001
SCT211-0832/2021,Gerald Molina,Female,2024-06-11,CS001
SCT211-0833/2021,Paul Sanders,Male,2022-02-23,IT001
SCT211-0834/2021,Holly Allen,Female,2024-01-26,CS001
SCT211-0835/2021,Jacob Howe,Female,2023-01-17,SE001
SCT211-0836/2021,Michelle Garcia,Other,2024-09-14,SE001
SCT211-0837/2021,Crystal Simpson,Female,2024-06-20,SE001
SCT211-0838/2021,David Campbell,Other,2024-08-10,CS001
SCT211-0839/2021,Maria Lang,Female,2022-02-21,SE001
SCT211-0840/2021,Dr. Amy Long MD,Female,2024-04-10,CS001
SCT211-0841/2021,Juan Peck,Male,2024-09-04,SE001
SCT211-0842/2021,Rachel Taylor,Female,2022-09-20,SE001
SCT211-0843/2021,Carolyn Jones,Female,2023-11-19,CS001
SCT211-0844/2021,Tiffany Warner,Female,2022-08-14,CS001
SCT211-0845/2021,Carlos Vaughan,Male,2024-08-11,CS001
SCT211-0846/2021,Anthony Shaw,Other,2024-12-18,IT001
SCT211-0847/2021,Holly Brown,Female,2022-05-21,IT001
SCT211-0848/2021,Christopher Holmes,Male,2022-11-10,IT001
SCT211-0849/2021,Tommy Phelps,Female,2023-06-28,IT001
SCT211-0850/2021,Rhonda Schmidt,Male,2022-07-31,CS001
SCT211-0851/2021,Mr. Austin Bridges,Female,2024-10-16,CS001
SCT211-0852/2021,Mr. John Figueroa,Male,2024-09-06,SE001
SCT211-0853/2021,Jocelyn Lucero,Female,2022-12-21,SE001
SCT211-0854/2021,Elijah Harris,Female,2022-03-08,CS001
SCT211-0855/2021,Tracy Whitehead,Male,2023-05-21,IT001
SCT211-0856/2021,Steven Walter,Other,2023-06-14,IT001
SCT211-0857/2021,Tina Hunter,Other,2023-03-27,IT001
SCT211-0858/2021,Lisa Jones,Female,2024-02-25,SE001
SCT211-0859/2021,Matthew Houston,Female,2024-12-17,SE001
SCT211-0860/2021,Sandra Long,Other,2024-11-25,IT001
SCT211-0861/2021,Adrian Turner V,Other,2022-12-17,IT001
SCT211-0862/2021,Jill Moore,Male,2022-03-24,CS001
SCT211-0863/2021,Heidi Edwards,Other,2023-11-20,SE001
SCT211-0864/2021,Desiree Snyder,Male,2024-07-05,SE001
SCT211-0865/2021,Kelly York,Female,2023-02-07,SE001
SCT211-0866/2021,Daniel Lin,Male,2023-12-20,IT001
SCT211-0867/2021,Kayla Stewart,Female,2022-02-15,SE001
SCT211-0868/2021,Julie Duran,Male,2022-09-15,IT001
SCT211-0869/2021,Lori Howard,Male,2022-03-13,CS001
SCT211-0870/2021,Tony Luna,Male,2022-08-07,CS001
SCT211-0871/2021,Beth Wright,Other,2022-11-10,CS001
SCT211-0872/2021,Kimberly Potter,Other,2022-04-02,IT001
SCT211-0873/2021,Anthony Cowan Jr.,Other,2024-06-08,IT001
SCT211-0874/2021,Casey Austin,Female,2022-06-12,IT001
SCT211-0875/2021,Nancy Coffey,Other,2023-04-22,CS001
SCT211-0876/2021,Yvonne Clark,Female,2023-03-23,IT001
SCT211-0877/2021,Charles Jackson,Other,2024-09-04,IT001
SCT211-0878/2021,Stephen Taylor,Female,2024-10-11,IT001
SCT211-0879/2021,Melissa Williams,Female,2022-03-03,IT001
SCT211-0880/2021,Julia Jones,Female,2022-06-08,SE001
SCT211-0881/2021,Allison Smith,Male,2023-09-15,SE001
SCT211-0882/2021,Catherine Watson,Male,2024-02-01,SE001
SCT211-0883/2021,Sarah Thomas,Male,2024-03-12,SE001
SCT211-0884/2021,James Thomas,Male,2024-09-26,CS001
SCT211-0885/2021,Joshua Hamilton,Other,2024-03-31,IT001
SCT211-0886/2021,James Robinson II,Female,2022-12-07,SE001
SCT211-0887/2021,Thomas Bush,Male,2022-02-09,CS001
SCT211-0888/2021,Stephanie Barton,Female,2024-01-31,CS001
SCT211-0889/2021,Cory Larson,Male,2024-01-17,SE001
SCT211-0890/2021,Crystal Miller,Other,2023-12-19,CS001
SCT211-0891/2021,Joseph Smith,Male,2023-08-20,CS001
SCT211-0892/2021,Kevin Collins,Other,2024-09-16,SE001
SCT211-0893/2021,Francisco Moore,Female,2023-11-22,CS001
SCT211-0894/2021,Mary Herman,Other,2023-05-03,CS001
SCT211-0895/2021,Danielle Krueger,Male,2024-02-10,SE001
SCT211-0896/2021,Natalie Galloway,Female,2024-07-04,SE001
SCT211-0897/2021,Jay Flynn,Female,2024-03-02,SE001
SCT211-0898/2021,Lisa Myers,Female,2023-01-22,SE001
SCT211-0899/2021,Willie Lee,Female,2022-11-11,IT001
SCT211-0900/2021,Elizabeth Hansen,Other,2022-12-20,IT001
SCT211-0901/2021,Jay Duncan,Other,2024-12-05,IT001
SCT211-0902/2021,Destiny Camacho,Other,2023-11-16,SE001
SCT211-0903/2021,Jonathan Wilson,Female,2022-04-17,SE001
SCT211-0904/2021,Alexa Nguyen,Male,2023-12-09,SE001
SCT211-0905/2021,Michele Martin,Female,2022-07-11,IT001
SCT211-0906/2021,Brian Ali,Other,2024-05-12,SE001
SCT211-0907/2021,Scott Weaver,Male,2024-12-30,SE001
SCT211-0908/2021,Lindsey Mccoy,Female,2024-09-17,CS001
SCT211-0909/2021,Grace Campbell,Female,2022-10-01,SE001
SCT211-0910/2021,Angela Castro,Other,2023-02-26,SE001
SCT211-0911/2021,Sean Estrada,Male,2022-03-20,IT001
SCT211-0912/2021,Alan Smith,Male,2023-12-25,CS001
SCT211-0913/2021,Thomas Garcia,Female,2023-11-23,SE001
SCT211-0914/2021,James Campbell,Female,2023-07-27,CS001
SCT211-0915/2021,Regina Smith,Female,2024-01-09,SE001
SCT211-0916/2021,Raymond Kerr,Male,2023-02-13,CS001
SCT211-0917/2021,Carlos Mcdonald,Other,2023-05-05,IT001
SCT211-0918/2021,Theresa Wright,Other,2022-03-25,CS001
SCT211-0919/2021,Stephanie Roth,Female,2023-02-19,SE001
SCT211-0920/2021,Sean Morrison,Male,2023-10-01,CS001
SCT211-0921/2021,Amber Ray,Other,2023-12-31,CS001
SCT211-0922/2021,Megan Mccall,Male,2022-10-22,IT001
SCT211-0923/2021,Jennifer Berg,Female,2024-06-01,IT001
SCT211-0924/2021,Donald Rojas,Other,2024-07-22,IT001
SCT211-0925/2021,Terry Luna,Female,2024-11-13,SE001
SCT211-0926/2021,Joan Coffey,Other,2022-12-30,CS001
SCT211-0927/2021,Ana Bell,Other,2022-10-11,CS001
SCT211-0928/2021,James Rivera,Female,2023-06-03,SE001
SCT211-0929/2021,Cheryl Jennings,Other,2023-04-08,IT001
SCT211-0930/2021,Leslie Reeves,Female,2022-05-15,IT001
SCT211-0931/2021,Adrienne Coffey,Male,2024-06-25,SE001
SCT211-0932/2021,Michael Vaughan,Other,2022-11-19,IT001
SCT211-0933/2021,Jason Moreno,Male,2024-11-29,CS001
SCT211-0934/2021,Brian Herrera,Female,2022-01-22,IT001
SCT211-0935/2021,Sara Horne,Female,2024-07-12,CS001
SCT211-0936/2021,David Harris,Female,2024-06-18,SE001
SCT211-0937/2021,Denise Rowland,Female,2024-03-14,CS001
SCT211-0938/2021,Frank Dodson,Other,2024-01-13,IT001
SCT211-0939/2021,James Hicks,Other,2024-12-20,CS001
SCT211-0940/2021,Brett York,Other,2023-03-30,IT001
SCT211-0941/2021,Steven Combs,Male,2023-03-24,CS001
SCT211-0942/2021,Amber Casey,Other,2023-03-31,IT001
SCT211-0943/2021,Christine Leonard,Female,2022-08-12,IT001
SCT211-0944/2021,Breanna Smith,Other,2024-05-01,IT001
SCT211-0945/2021,Adrian Dixon,Female,2022-08-22,IT001
SCT211-0946/2021,Kathleen Johnson,Male,2022-12-14,CS001
SCT211-0947/2021,Stacy Hill,Other,2024-03-16,IT001
SCT211-0948/2021,Angela Thompson,Other,2023-04-01,IT001
SCT211-0949/2021,William Moran,Female,2022-10-01,CS001
SCT211-0950/2021,Wendy Henderson,Female,2024-12-11,SE001
SCT211-0951/2021,Evelyn Pena,Other,2023-05-19,CS001
SCT211-0952/2021,Chelsea Jones,Male,2024-09-19,SE001
SCT211-0953/2021,Gloria Berg,Female,2023-05-14,SE001
SCT211-0954/2021,James Hardy,Other,2024-07-15,IT001
SCT211-0955/2021,Daniel Berg,Male,2022-10-17,IT001
SCT211-0956/2021,Christine Arnold,Other,2022-04-08,CS001
SCT211-0957/2021,Michele Patrick,Male,2022-03-29,CS001
SCT211-0958/2021,Heidi Brown,Male,2023-12-19,CS001
SCT211-0959/2021,Susan Miller,Female,2023-11-12,CS001
SCT211-0960/2021,Jeffery Martinez,Other,2023-01-21,CS001
SCT211-0961/2021,Destiny Stevens,Other,2023-06-21,IT001
SCT211-0962/2021,Christine Andrews,Other,2022-01-29,IT001
SCT211-0963/2021,Tiffany Watson,Male,2023-06-29,CS001
SCT211-0964/2021,Vanessa King,Other,2022-10-14,SE001
SCT211-0965/2021,Troy Gonzalez,Other,2024-10-23,IT001
SCT211-0966/2021,Douglas Hansen,Female,2024-11-23,CS001
SCT211-0967/2021,Jonathan Smith,Male,2023-08-04,IT001
SCT211-0968/2021,Lorraine Lewis,Male,2022-11-26,IT001
SCT211-0969/2021,Roger Stephenson,Male,2022-02-19,CS001
SCT211-0970/2021,Kevin Maldonado,Other,2023-12-26,SE001
SCT211-0971/2021,Natalie Martin,Female,2023-04-15,CS001
SCT211-0972/2021,Cynthia Faulkner,Male,2023-08-14,IT001
SCT211-0973/2021,Matthew Turner,Male,2023-06-15,CS001
SCT211-0974/2021,Nicole Wang,Female,2023-12-29,IT001
SCT211-0975/2021,Betty Miller,Other,2024-03-10,SE001
SCT211-0976/2021,Robert Mccarthy,Male,2022-06-16,IT001
SCT211-0977/2021,Paul Myers,Other,2023-01-01,IT001
SCT211-0978/2021,Robert Schmitt,Female,2022-10-05,IT001
SCT211-0979/2021,Mr. Philip West,Male,2023-07-14,CS001
SCT211-0980/2021,Angela Wright,Other,2024-07-08,CS001
SCT211-0981/2021,Richard Hudson,Male,2024-03-12,CS001
SCT211-0982/2021,Hannah Wheeler,Female,2024-05-01,CS001
SCT211-0983/2021,Christopher Rodgers,Male,2022-08-01,IT001
SCT211-0984/2021,Michelle Turner,Male,2022-06-20,SE001
SCT211-0985/2021,Jessica Blair,Female,2022-05-26,IT001
SCT211-0986/2021,Melissa Robinson,Other,2022-06-25,SE001
SCT211-0987/2021,Annette Lawson,Male,2024-10-19,CS001
SCT211-0988/2021,Kristopher Fitzgerald,Male,2022-09-25,IT001
SCT211-0989/2021,Matthew Phillips,Female,2022-12-07,CS001
SCT211-0990/2021,Jennifer Freeman,Other,2024-05-02,CS001
SCT211-0991/2021,Alison Gonzalez,Male,2024-05-29,CS001
SCT211-0992/2021,Sherry Best,Male,2024-07-21,SE001
SCT211-0993/2021,Miss Rebecca Lee,Other,2025-01-06,SE001
SCT211-0994/2021,Nicholas Sullivan,Female,2022-11-02,SE001
SCT211-0995/2021,Michael Murphy,Female,2024-03-10,IT001
SCT211-0996/2021,Karen Young,Other,2022-10-30,IT001
SCT211-0997/2021,Jesse Kelly,Other,2022-10-30,SE001
SCT211-0998/2021,Leslie Williams,Male,2022-06-02,SE001
SCT211-0999/2021,Juan Rodriguez,Female,2023-05-07,SE001
SCT211-1000/2021,Jasmine Flores,Female,2024-08-03,IT001
